Status,Presolve,Solve
Optimal,696.824870988,81435.145564094
