Status,Presolve,Solve
Optimal,692.332492984,133331.148450363
