Costs,Total,Zone1,Zone2,Zone3,Zone4,Zone5
cTotal,143383.77959962885,46828.750706196886,43341.946583661826,34227.32612704721,12844.619894698113,5714.475847202261
cFix,111684.92459248955,38630.76352857012,30110.496591860618,27101.049120673237,10332.937395729172,5509.677955656374
cVar,30882.082218854383,8106.430066831855,13154.304177282655,6986.667389406169,2434.2431409009887,200.43744442838897
cNSE,0.0,0.0,0.0,0.0,0.0,0.0
cStart,390.1123474667181,91.55711079491573,77.14581451855194,139.60961696780103,77.43935806795082,4.3604471174984605
cUnmetRsv,426.660440715732,-,-,-,-,-
cNetworkExp,0.0,-,-,-,-,-
