Status,Presolve,Solve
Optimal,691.622596205,30850.337103237
