Costs,Total,Zone1,Zone2,Zone3,Zone4,Zone5
cTotal,125892.51238744623,38009.15389836149,35955.75703576069,35625.49769949195,13409.718336598102,2459.1516289351425
cFix,75707.19140710539,21161.338752335527,20661.49355578963,24702.98888727221,6917.297095325846,2264.0731163821306
cVar,49588.20619050408,16816.83649810811,15260.790650493802,10842.106137386869,6474.209368596957,194.263535944198
cNSE,0.0,0.0,0.0,0.0,0.0,0.0
cStart,163.88100151208445,30.978647917852605,33.47282947725528,80.40267483286468,18.211872675297865,0.8149766088139387
cUnmetRsv,433.2337880398035,-,-,-,-,-
cNetworkExp,0.0,-,-,-,-,-
