Status,Presolve,Solve
Optimal,692.68430776,109297.204998399
